Name,Category,Price,Stock,Image,Description
Seba med cleansing bar,,85,,,
Little angel,,200,,,
Tommee tipped bottle and warmer,,450,,,
Little angel baby shampoo,,120,,,
Tommee tippee Anticolic bottle,,130,,,
Little angels detergent spray,,120,,,
Mermaid tutu dress,,320,,,
Burgundy tulle bridesmaid dress,,750,,,
Mother care 3pk tops,,485,,,
3pk pack sleep suit,,350,,,
Yellow green top n leggings,,295,,,
Top n shorts set,,250,,,
Mayoral top,,120,,,
Pink baby layette body suit,,300,,,
Monsoon blue floral dress,,750,,,
Micky mouse top n down,,300,,,
Velvet red cancan ruffle dress,,875,,,
Next 3 piece petticoat set,,650,,,
Dressy pink body suit,,375,,,
Matalan 3pk shorts,,350,,,
Top and bottom set,,450,,,
Blue red. 3pk sleep suit,,300,,,
Navy girls dress various,,650,,,
3pk tops,,300,,,
Christmas boys green and red shirt n trousers,,650,,,
Girls tinker bell tutu dress,,300,,,
Mother care 3pk packet sleep suit,,350,,,
F&f 7pk peach floral body suit,,250,,,
Mother care 3pk sleep suit,,350,,,
3pk shorts,,360,,,
F&f shorts and top set,,275,,,
3pk sleeveless bodysuit,,180,,,
Banana republic play suit,,650,,,
Mother care 5pk white body suit,,250,,,
Mons baby rose satin dress pink,,325,,,
Boys crab dsn top n shorts,,375,,,
Monsoon light blue dress,,600,,,
Banana Republic brown long sleeve romper,,550,,,
Polo shirt,,280,,,
3pk tu baby tops,,350,,,
Matalan 3pk T-shirt,,300,,,
Body suit,,250,,,
Pink bunny overall,,380,,,
Matalan 3pk tops,,350,,,
H&m jeans and top car wash,,360,,,
George 3pk boys top,,120,,,
Graco car seat,,5200,,,
Zara cargo trousers,,295,,,
Zara cargo trousers,,295,,,
M&s trainers,,350,,,
M&S trainers,,350,,,
White floral dress,,550,,,
Rare edition coral dress,,350,,,
Zara T-shirt and corduroy down,,500,,,
Navy blue shirt n trousers,,450,,,
Tb gold/white dress,,1196,,,
Monsoon pink lace dress,,1196,,,
Monsoon blue floral dress,,750,,,
Blue floral dress,,600,,,
Pink &light green,,,,,
Lipsy floral dress,,400,,,
monsoon dress,,850,,,
Disney treasure hunt boys top n down,,120,,,
Orange black top n shorts set,,350,,,
Tivido pink lace dress,,350,,,
Mother care top n bottom tiger set,,350,,,
Girls gold dress,,600,,,
Monsoon pink dress,,850,,,
F&F marvel superhero 2pk shorts,,360,,,
Boys 3pk set,,650,,,
Sonic top & shorts jersey set,,380,,,
Boys blue & green shorts,,300,,,
Pink jeans,,450,,,
Zera tops various,,150,,,
Hot pink dress,,700,,,
Girls taille jeans,,360,,,
Hover board,,3000,,,
Tivido red dress,,350,,,
Rainbow ballerina dress,,550,,,
Check n white Pina form dress,,450,,,
Purple dress,,450,,,
H&M red shoes,,600,,,
Tommee tippee silicon feeding set,,450,,,
Boys 4 set shirt and trousers,,650,,,
Girls red lace dress,,600,,,
Boys shirt,,150,,,
Girls black school shoe,,550,,,
Black shoes boys,,650,,,
H&M girls dress,,450,,,
White dress,,600,,,
Navy blue jumpsuit,,500,,,
Girls floral dress,,350,,,
Mother care 3pk tops,,550,,,
3 set Navy blue suits,,800,,,
2 set shirt and trouser,,350,,,
Army green unisex jogger,,450,,,
3 set shirt,,650,,,
Chicco next to me baby scout,,3750,,,
Robot dog,,850,,,
Boys black suit 3set,,800,,,
Kids harmonica,,70,,,
Long sleeve white shirt,,180,,,
Long sleeve blue shirt,,180,,,
Scooter,,1200,,,
Tutu skirt,,200,,,
Jeans skirt,,300,,,
H&m designer girls jacket,,350,,,
Travel girls set,,450,,,
Travel girls set,,450,,,
Banana republic peach long sleeve romper,,550,,,
Grey design jeans,,600,,,
CT blue trousers,,492,,,
CT green trouse,,492,,,
Happy childhood,,700,,,
Guolely,,250,,,
Dream big back pack set,,1100,,,
Fringo back pack set,,1100,,,
Travel girls set,,450,,,
Blue black jeans skirt,,350,,,
Black orange smiggler drinkbottle,,200,,,
Game pad bottle,,250,,,
Green n blue water bottle,,150,,,
Water bottle,,200,,,
Blue water bottle,,150,,,
Football water bottle,,200,,,
Red checkered dress,,375,,,
Smiggle Trolley bag pink,,1950,,,
Smiggle purple budz light up trolley bag,,1950,,,
Smiggle unicorn blue bag,,1750,,,
2pk pink shorts,,450,,,
Blue jeans shorts,,300,,,
Girls black shoes,,550,,,
Girls black shoes,,450,,,
Aveeno daily care hair and bath,,200,,,
Boys blue bucket hat vest &shorts set,,285,,,
Boys trainer,,450,,,
Smiggle back pack,,1700,,,
Fringo back pack,,1100,,,
Smiggle blue back pack,,1500,,,
Boys black shoe,,650,,,
Black shoe,,650,,,
White socks set,,150,,,
Boys blue shark Croce,,270,,,
