"Name","Category","Price","Image"
"Seba med cleansing bar","Baby","85",""
"Little angel","Kids","200",""
"Tommee tipped bottle and warmer","Baby","450",""
"Little angel baby shampoo","Baby","120",""
"Tommee tippee Anticolic bottle","Baby","130",""
"Little angels detergent spray","Baby","120",""
"Mermaid tutu dress","Kids","320",""
"Burgundy tulle bridesmaid dress","Kids","750",""
"Mother care 3pk tops","Kids","485",""
"3pk pack sleep suit","Baby","350",""
"Yellow green top n leggings","Kids","295",""
"Top n shorts set","Kids","250",""
"Mayoral top","Kids","120",""
"Pink baby layette body suit","Baby","300",""
"Monsoon blue floral dress","Kids","750",""
"Micky mouse top n down","Kids","300",""
"Velvet red cancan ruffle dress","Kids","875",""
"Next 3 piece petticoat set","Kids","650",""
"Dressy pink body suit","Baby","375",""
"Matalan 3pk shorts","Kids","350",""
"Top and bottom set","Kids","450",""
"Blue red. 3pk sleep suit","Baby","300",""
"Navy girls dress various","Kids","650",""
"3pk tops","Kids","300",""
"Christmas boys green and red shirt n trousers","Teens","650",""
"Girls tinker bell tutu dress","Kids","300",""
"Mother care 3pk packet sleep suit","Baby","350",""
"F&f 7pk peach floral body suit","Baby","250",""
"Mother care 3pk sleep suit","Baby","350",""
"3pk shorts","Kids","360",""
"F&f shorts and top set","Kids","275",""
"3pk sleeveless bodysuit","Baby","180",""
"Banana republic play suit","Toddler","650",""
"Mother care 5pk white body suit","Baby","250",""
"Mons baby rose satin dress pink","Baby","325",""
"Boys crab dsn top n shorts","Kids","375",""
"Monsoon light blue dress","Kids","600",""
"Banana Republic brown long sleeve romper","Toddler","550",""
"Polo shirt","Teens","280",""
"3pk tu baby tops","Baby","350",""
"Matalan 3pk T-shirt","Teens","300",""
"Body suit","Baby","250",""
"Pink bunny overall","Toddler","380",""
"Matalan 3pk tops","Kids","350",""
"H&m jeans and top car wash","Teens","360",""
"George 3pk boys top","Kids","120",""
"Graco car seat","Baby","5200",""
"Zara cargo trousers","Teens","295",""
"Zara cargo trousers","Teens","295",""
"M&s trainers","Accessories","350",""
"M&S trainers","Accessories","350",""
"White floral dress","Kids","550",""
"Rare edition coral dress","Kids","350",""
"Zara T-shirt and corduroy down","Teens","500",""
"Navy blue shirt n trousers","Teens","450",""
"Tb gold/white dress","Kids","1196",""
"Monsoon pink lace dress","Kids","1196",""
"Monsoon blue floral dress","Kids","750",""
"Blue floral dress","Kids","600",""
"Pink &light green","Kids","",""
"Lipsy floral dress","Kids","400",""
"monsoon dress","Kids","850",""
"Disney treasure hunt boys top n down","Kids","120",""
"Orange black top n shorts set","Kids","350",""
"Tivido pink lace dress","Kids","350",""
"Mother care top n bottom tiger set","Kids","350",""
"Girls gold dress","Kids","600",""
"Monsoon pink dress","Kids","850",""
"F&F marvel superhero 2pk shorts","Kids","360",""
"Boys 3pk set","Kids","650",""
"Sonic top & shorts jersey set","Kids","380",""
"Boys blue & green shorts","Kids","300",""
"Pink jeans","Teens","450",""
"Zera tops various","Kids","150",""
"Hot pink dress","Kids","700",""
"Girls taille jeans","Teens","360",""
"Hover board","Toys","3000",""
"Tivido red dress","Kids","350",""
"Rainbow ballerina dress","Kids","550",""
"Check n white Pina form dress","Kids","450",""
"Purple dress","Kids","450",""
"H&M red shoes","Accessories","600",""
"Tommee tippee silicon feeding set","Baby","450",""
"Boys 4 set shirt and trousers","Teens","650",""
"Girls red lace dress","Kids","600",""
"Boys shirt","Teens","150",""
"Girls black school shoe","Back to School","550",""
"Black shoes boys","Accessories","650",""
"H&M girls dress","Kids","450",""
"White dress","Kids","600",""
"Navy blue jumpsuit","Teens","500",""
"Girls floral dress","Kids","350",""
"Mother care 3pk tops","Kids","550",""
"3 set Navy blue suits","Teens","800",""
"2 set shirt and trouser","Teens","350",""
"Army green unisex jogger","Teens","450",""
"3 set shirt","Teens","650",""
"Chicco next to me baby scout","Baby","3750",""
"Robot dog","Toys","850",""
"Boys black suit 3set","Teens","800",""
"Kids harmonica","Toys","70",""
"Long sleeve white shirt","Teens","180",""
"Long sleeve blue shirt","Teens","180",""
"Scooter","Toys","1200",""
"Tutu skirt","Kids","200",""
"Jeans skirt","Teens","300",""
"H&m designer girls jacket","Teens","350",""
"Travel girls set","Kids","450",""
"Travel girls set","Kids","450",""
"Banana republic peach long sleeve romper","Toddler","550",""
"Grey design jeans","Teens","600",""
"CT blue trousers","Teens","492",""
"CT green trouse","Kids","492",""
"Happy childhood","Kids","700",""
"Guolely","Kids","250",""
"Dream big back pack set","Back to School","1100",""
"Fringo back pack set","Back to School","1100",""
"Travel girls set","Kids","450",""
"Blue black jeans skirt","Teens","350",""
"Black orange smiggler drinkbottle","Back to School","200",""
"Game pad bottle","Toys","250",""
"Green n blue water bottle","Back to School","150",""
"Water bottle","Back to School","200",""
"Blue water bottle","Back to School","150",""
"Football water bottle","Back to School","200",""
"Red checkered dress","Kids","375",""
"Smiggle Trolley bag pink","Back to School","1950",""
"Smiggle purple budz light up trolley bag","Back to School","1950",""
"Smiggle unicorn blue bag","Accessories","1750",""
"2pk pink shorts","Kids","450",""
"Blue jeans shorts","Teens","300",""
"Girls black shoes","Accessories","550",""
"Girls black shoes","Accessories","450",""
"Aveeno daily care hair and bath","Baby","200",""
"Boys blue bucket hat vest &shorts set","Accessories","285",""
"Boys trainer","Accessories","450",""
"Smiggle back pack","Back to School","1700",""
"Fringo back pack","Back to School","1100",""
"Smiggle blue back pack","Back to School","1500",""
"Boys black shoe","Accessories","650",""
"Black shoe","Accessories","650",""
"White socks set","Accessories","150",""
"Boys blue shark Croce","Kids","270",""
